code,name
603826,坤彩科技
600708,光明地产
301179,泽宇智能
603373,安邦护卫
600198,大唐电信
600860,京城股份
000719,中原传媒
000793,*ST华闻
300363,博腾股份
688720,艾森股份
688627,精智达
300730,科创信息
301186,超达装备
600379,宝光股份
000518,四环生物
300061,旗天科技
300720,海川智能
688275,万润新能
002387,维信诺
002983,芯瑞达
002709,天赐材料
002643,万润股份
688691,灿芯股份
002057,中钢天源
300568,星源材质
688778,厦钨新能
688469,芯联集成-U
688002,睿创微纳
600058,五矿发展
688041,海光信息
688183,生益电子
002970,锐明技术
300433,蓝思科技
300992,泰福泵业
300863,卡倍亿
688602,康鹏科技
688025,杰普特
002611,东方精工
300260,新莱应材
301110,青木科技
603005,晶方科技
300984,金沃股份
600461,洪城环境
688981,中芯国际
002123,梦网科技
000488,ST晨鸣
688115,思林杰
600575,淮河能源
002263,大东南
301323,新莱福
000818,航锦科技
003023,彩虹集团
002108,沧州明珠
300131,英唐智控
601579,会稽山
002889,东方嘉盛
301550,斯菱智驱
600358,国旅联合
000955,欣龙控股
301565,中仑新材
300567,精测电子
300761,立华股份
600350,山东高速
601328,交通银行
688206,概伦电子
300689,澄天伟业
300459,汤姆猫
688258,卓易信息
603682,锦和商管
688387,信科移动-U
688591,泰凌微
300219,鸿利智汇
603813,原尚股份
000802,北京文化
002897,意华股份
600845,宝信软件
603159,上海亚虹
002142,宁波银行
600900,长江电力
000779,甘咨询
002020,京新药业
601658,邮储银行
688233,神工股份
300187,永清环保
600133,东湖高新
300054,鼎龙股份
300278,华昌达
001248,C华润
003041,真爱美家
688507,索辰科技
603378,*ST亚士
000731,四川美丰
600053,*ST九鼎
300590,移为通信
000987,越秀资本
603091,众鑫股份
002180,奔图科技
002032,苏 泊 尔
603991,领先股份
301680,固德电材
